field,min,max,mean,median,std,unique_count,pearson_raw,spearman_raw,pearson_log1p,spearman_log1p,actual_bins,min_bin_support,max_bin_support,median_spread,median_spread_frac,bin_index_vs_median_spearman,ci_separated,pattern_classification
cont1,1.6e-05,0.984975,0.4938613645641946,0.475784,0.1876401764138862,647,-0.010236937708398845,-0.01764072831144623,-0.00733539408777598,-0.01764072831144623,10,17328,20166,300.56500000000005,0.14207282198178273,-0.406060606060606,True,non-monotonic pattern
cont2,0.001149,0.862654,0.5071883561794411,0.555782,0.20720173860981367,33,0.14152795887905745,0.08006607540950302,0.10466624302016524,0.08006607540950302,9,7208,35670,517.885,0.2447969105252958,0.3,True,non-monotonic pattern
cont3,0.002634,0.944251,0.49891845072165164,0.527991,0.20210460819343737,76,0.11105330817721677,0.06835347027514971,0.08154779179810873,0.06835347027514971,10,12976,24771,470.8000000000002,0.22254049736004966,0.9393939393939393,True,monotonic trend
cont4,0.176921,0.954297,0.49181230258923736,0.452887,0.21129221269283563,112,-0.035830809830876796,-0.027877990557941764,-0.027522586560440956,-0.027877990557941764,10,16384,21658,314.1299999999999,0.1484848055134077,-0.6969696969696969,True,non-monotonic pattern
cont5,0.281143,0.983674,0.4874277287832284,0.422268,0.209026828544504,141,-0.011354502446472417,-0.015114455480742396,-0.014957660604297382,-0.015114455480742396,8,13313,56814,164.96499999999992,0.07797662095794511,-0.2380952380952381,True,inconclusive
cont6,0.012683,0.997162,0.49094453373548996,0.440945,0.2052725698355303,2573,0.040966824749897456,0.019696972031271676,0.03151659484759455,0.019696972031271676,10,17014,20708,223.58500000000004,0.10568546538285194,0.12727272727272726,True,non-monotonic pattern
cont7,0.069503,1.0,0.4849702050680232,0.438285,0.1784501639607092,5632,0.11979887050310217,0.054927504095787553,0.08509461187717637,0.054927504095787553,10,18426,19223,446.25,0.2109360597853061,0.4666666666666666,True,non-monotonic pattern
cont8,0.23688,0.9802,0.4864373158699646,0.44106,0.19937045456133262,201,0.03050837958744259,0.027495350077645885,0.032042305320034735,0.027495350077645885,10,14052,27577,169.77999999999997,0.08025260331730928,0.7939393939393938,True,inconclusive
cont9,8e-05,0.9954,0.48550631989507115,0.44145,0.18166017135075613,347,0.014455587837242458,0.004401018221821646,0.01741715375231009,0.004401018221821646,10,13500,24164,207.85500000000002,0.09825011698974746,-0.22424242424242422,True,inconclusive
cont10,0.0,0.99498,0.4980658504232204,0.46119,0.18587672593201843,174,0.020236142979713753,0.003041779835933421,0.010603506340775299,0.003041779835933421,10,13807,23210,271.4649999999999,0.12831766379746354,-0.10303030303030303,True,non-monotonic pattern
cont11,0.035321,0.998742,0.49351100855467883,0.457203,0.20973651144747818,326,0.09980638463804593,0.054323258274454535,0.0727602035769871,0.054323258274454535,10,13189,22132,390.3599999999999,0.1845176477261447,0.8060606060606059,True,monotonic trend
cont12,0.036232,0.998484,0.4931504256258032,0.462286,0.20942662107602886,328,0.09872384974321868,0.053623504201912364,0.07226599661669447,0.053623504201912364,10,16645,21558,381.48,0.18032019739361027,0.709090909090909,True,non-monotonic pattern
cont13,0.000228,0.988494,0.49313761583597954,0.363547,0.21277724232240966,353,-0.004022110368734249,0.007046306382375308,0.003276277070240695,0.007046306382375308,10,15706,21045,206.01,0.09737801159971073,0.13939393939393938,True,inconclusive
cont14,0.179722,0.844848,0.49571701797491474,0.407403,0.22248753955922573,18740,0.01929782972866849,0.0016665484785324414,0.025947829291935096,0.0016665484785324414,10,18814,18842,688.9599999999998,0.32566164201609965,-0.006060606060606061,True,non-monotonic pattern
