field,bin_index,bin_interval,support,raw_mean_loss,raw_median_loss,raw_loss_iqr,median_ci_low,median_ci_high
cont1,0,"(-0.000984, 0.283]",19251,3036.539403147888,2209.82,2785.6,2172.10925,2240.2197499999997
cont1,1,"(0.283, 0.325]",20166,3045.865114053357,2194.015,2804.9275,2156.421,2227.551125
cont1,2,"(0.325, 0.373]",17328,3215.119048361034,2192.145,2967.2474999999995,2150.8142500000004,2228.665
cont1,3,"(0.373, 0.453]",19430,3133.854526505404,2136.54,2727.0025,2112.3538750000002,2170.639375
cont1,4,"(0.453, 0.476]",19216,3006.873916007494,2045.835,2654.9075,2016.553125,2078.932875
cont1,5,"(0.476, 0.502]",17969,3046.1935249596527,2111.94,2726.37,2082.7365000000004,2144.25125
cont1,6,"(0.502, 0.555]",18512,3064.813792134831,2110.4449999999997,2748.7200000000003,2069.96275,2143.97025
cont1,7,"(0.555, 0.643]",19980,2777.3741306306306,1937.0349999999999,2276.9875,1910.6505,1962.1035
cont1,8,"(0.643, 0.773]",17941,2938.5535354773983,2014.89,2463.63,1980.41875,2047.836
cont1,9,"(0.773, 0.985]",18525,3132.963475303644,2237.6,2446.83,2211.2035,2265.223
cont2,0,"(0.00014999999999999996, 0.2]",21257,2120.267592322529,1740.26,1675.35,1715.3925000000002,1760.6242499999998
cont2,1,"(0.2, 0.299]",21001,2650.054737393458,2109.64,2324.8900000000003,2080.0899999999997,2138.08875
cont2,2,"(0.299, 0.358]",14370,2815.646257480863,2141.76,2547.9975,2106.846875,2189.82175
cont2,3,"(0.358, 0.489]",35670,3008.030695262125,2190.185,2779.1224999999995,2162.1057499999997,2216.476375
cont2,4,"(0.489, 0.556]",20975,3216.650566865316,2221.06,2992.5299999999997,2187.25025,2253.58325
cont2,5,"(0.556, 0.621]",20190,3398.676783060921,2258.145,3134.1475,2227.2126249999997,2299.017125
cont2,6,"(0.621, 0.737]",32172,3399.2396817108042,2225.165,3109.3625,2204.8761250000002,2251.5095
cont2,7,"(0.737, 0.786]",15475,3422.4219560581582,2107.07,3008.405,2062.162,2143.0555000000004
cont2,8,"(0.786, 0.863]",7208,3481.2555799112097,2123.25,3080.3900000000003,2061.5355,2181.152125
cont3,0,"(0.00163, 0.216]",21348,2590.691484448192,1955.21,2129.1775,1933.0762499999998,1986.1295
cont3,1,"(0.216, 0.281]",18185,2785.277210338191,2053.95,2323.26,2023.8539999999998,2082.0035
cont3,2,"(0.281, 0.398]",19942,2857.238864206198,2024.56,2284.5024999999996,1999.477,2045.56975
cont3,3,"(0.398, 0.484]",24771,2798.176765168948,2086.5,2467.17,2058.07775,2109.80175
cont3,4,"(0.484, 0.528]",17427,3013.779906466976,2115.64,2811.65,2084.97525,2156.8177499999997
cont3,5,"(0.528, 0.55]",16490,3066.767551243178,2205.435,2846.9425,2171.964,2237.8902499999995
cont3,6,"(0.55, 0.614]",20105,3002.829257398657,2088.59,2809.67,2053.7685,2118.489
cont3,7,"(0.614, 0.674]",12976,3295.422866060419,2206.87,2970.215,2162.11175,2249.354875
cont3,8,"(0.674, 0.746]",19045,3406.973819900237,2206.41,3135.54,2172.67725,2239.4805
cont3,9,"(0.746, 0.944]",18029,3806.371470963448,2426.01,3415.3,2373.76175,2477.34675
cont4,0,"(0.176, 0.23]",21658,3169.809776064272,2204.16,2847.6175000000003,2171.221125,2237.0935
cont4,1,"(0.23, 0.284]",16384,3360.094924926758,2236.545,2953.7574999999997,2199.2102499999996,2281.285
cont4,2,"(0.284, 0.346]",18526,3010.060331426104,2126.8900000000003,2636.5425,2094.03725,2160.466
cont4,3,"(0.346, 0.393]",19274,2999.563933277991,2094.66,2701.4500000000003,2069.0745,2128.303875
cont4,4,"(0.393, 0.453]",19911,3261.88677866506,2265.37,3026.9,2223.268,2301.6679999999997
cont4,5,"(0.453, 0.504]",17732,3079.5791721182045,2128.855,2684.925,2099.9497499999998,2164.9516249999997
cont4,6,"(0.504, 0.614]",21461,2819.607919947812,1951.24,2452.71,1929.0049999999999,1978.28975
cont4,7,"(0.614, 0.722]",16640,2812.005989783654,2043.39,2296.385,2017.668875,2072.110625
cont4,8,"(0.722, 0.816]",17913,2921.2507335454698,2081.25,2417.1800000000003,2053.7402500000003,2111.7825
cont4,9,"(0.816, 0.954]",18819,2950.081024496519,2070.77,2561.53,2037.73725,2100.06925
cont5,0,"(0.28, 0.295]",56814,3124.3627132396946,2150.7349999999997,2664.57,2134.2088750000003,2172.181125
cont5,1,"(0.295, 0.372]",21740,2942.2949567617293,2057.1800000000003,2530.435,2030.57275,2081.3986250000003
cont5,2,"(0.372, 0.422]",21753,2957.877732266814,2111.01,2574.85,2082.5745,2136.95
cont5,3,"(0.422, 0.5]",13313,3036.037998948396,2163.87,2688.45,2128.40925,2198.1667500000003
cont5,4,"(0.5, 0.586]",18640,3230.4066620171675,2199.785,2858.33,2169.3608750000003,2228.489125
cont5,5,"(0.586, 0.719]",19089,2916.6059866939077,2034.82,2488.07,2002.294,2068.258
cont5,6,"(0.719, 0.822]",18994,2860.9300747604507,2090.44,2604.175,2065.156,2113.364
cont5,7,"(0.822, 0.984]",17975,3088.759769123783,2093.7,2914.0699999999997,2053.183,2142.73175
cont6,0,"(0.011699999999999999, 0.24]",20708,2870.491589240873,2139.515,2655.885,2110.275375,2173.519125
cont6,1,"(0.24, 0.315]",17014,2855.2277101210766,2134.615,2558.415,2100.873,2174.8743750000003
cont6,2,"(0.315, 0.357]",19342,2901.5791495191806,2096.7349999999997,2671.9100000000003,2064.8985,2125.5245
cont6,3,"(0.357, 0.394]",18388,3039.7723819882535,2102.38,2859.8675000000003,2064.1968749999996,2136.24525
cont6,4,"(0.394, 0.441]",19090,2981.9643797799895,2032.96,2711.1975,2002.79375,2059.95325
cont6,5,"(0.441, 0.516]",18478,3203.304261824873,2107.255,2841.7200000000003,2078.562,2134.2356250000003
cont6,6,"(0.516, 0.604]",18812,3127.3684302572824,2063.6850000000004,2604.9424999999997,2037.993,2094.674
cont6,7,"(0.604, 0.69]",18870,2948.3583550609433,2054.11,2479.9900000000002,2021.37425,2086.87025
cont6,8,"(0.69, 0.809]",18978,3109.0192680999053,2175.635,2621.9925,2141.7475,2210.8226250000002
cont6,9,"(0.809, 0.997]",18638,3345.8415511320954,2256.545,2676.845,2224.456,2285.2395
cont7,0,"(0.0685, 0.29]",18925,2773.282565389696,2085.55,2528.2,2050.4975000000004,2113.58775
cont7,1,"(0.29, 0.336]",19097,2857.0948285070954,2131.6,2598.62,2098.50925,2159.08
cont7,2,"(0.336, 0.365]",18496,2743.5672058823534,2024.94,2478.8775,1994.6312500000001,2060.04925
cont7,3,"(0.365, 0.401]",19223,2914.7202205691096,2062.83,2681.56,2032.92825,2088.41
cont7,4,"(0.401, 0.438]",18426,2871.200263215022,2008.56,2536.2000000000003,1979.5047499999998,2033.65925
cont7,5,"(0.438, 0.493]",19000,2841.3454626315793,1994.63,2396.715,1964.358625,2026.070375
cont7,6,"(0.493, 0.558]",18686,2959.9143390773843,2070.9700000000003,2564.9175000000005,2041.639875,2108.2623750000002
cont7,7,"(0.558, 0.635]",18867,3095.981560926485,2180.98,2649.2299999999996,2143.47775,2213.1842500000002
cont7,8,"(0.635, 0.75]",18783,3356.2799590054838,2226.65,2933.965,2193.40375,2258.4300000000003
cont7,9,"(0.75, 1.0]",18815,3960.255657719904,2440.88,3420.735,2405.27175,2477.75525
cont8,0,"(0.236, 0.268]",27577,2864.961548391776,2075.39,2605.48,2050.58525,2103.204
cont8,1,"(0.268, 0.298]",14052,2931.988860660404,2080.645,2592.5275,2044.516,2110.930125
cont8,2,"(0.298, 0.339]",17193,3062.545720351305,2086.09,2694.6,2049.8977499999996,2118.6332500000003
cont8,3,"(0.339, 0.361]",16621,2869.471471030624,2032.32,2526.21,2011.516,2070.3145
cont8,4,"(0.361, 0.441]",19402,3033.0913508916606,2064.3599999999997,2549.6125,2036.74175,2090.724
cont8,5,"(0.441, 0.524]",19522,3102.8417580165965,2127.235,2700.78,2091.812,2160.885
cont8,6,"(0.524, 0.584]",17958,3103.3725676578683,2183.005,2738.83,2138.648625,2216.383125
cont8,7,"(0.584, 0.673]",19348,3072.848921852388,2139.135,2716.3275,2103.014875,2177.1092500000004
cont8,8,"(0.673, 0.793]",17826,3230.627772354987,2202.1,2848.7475000000004,2167.015375,2241.3987500000003
cont8,9,"(0.793, 0.98]",18819,3147.640200860832,2188.35,2636.76,2158.44825,2217.8975
cont9,0,"(-0.00092, 0.309]",19545,3004.2933977999487,2197.72,2737.29,2161.4465,2229.24325
cont9,1,"(0.309, 0.336]",18348,2894.8153455417487,2135.865,2664.6000000000004,2101.89775,2170.9605
cont9,2,"(0.336, 0.382]",24164,3053.9015630690287,2147.5,2777.0599999999995,2115.778625,2183.59
cont9,3,"(0.382, 0.403]",13500,2802.7980074074076,2036.02,2468.7725,2005.208625,2074.084875
cont9,4,"(0.403, 0.441]",19334,3170.1227480086895,2108.37,2811.375,2073.8266249999997,2135.9635000000003
cont9,5,"(0.441, 0.469]",20115,3006.690434998757,2038.21,2743.225,2006.022,2068.25825
cont9,6,"(0.469, 0.521]",18281,3137.074839997812,2103.18,2731.8199999999997,2074.801,2130.96075
cont9,7,"(0.521, 0.625]",17861,3128.9541039135547,2079.71,2612.82,2057.1335,2110.07125
cont9,8,"(0.625, 0.79]",18508,2972.882975470067,2037.975,2489.375,2002.165,2073.816375
cont9,9,"(0.79, 0.995]",18662,3134.2920147894115,2243.875,2450.3975,2218.034,2277.007125
cont10,0,"(-0.001, 0.26]",20388,2734.5621134981366,2093.055,2483.155,2062.83525,2123.628125
cont10,1,"(0.26, 0.324]",17436,3106.683139481532,2261.035,2854.8475,2220.7165,2302.2063749999998
cont10,2,"(0.324, 0.38]",19508,2960.6019971293827,2113.4300000000003,2621.8825,2083.8981249999997,2140.776
cont10,3,"(0.38, 0.439]",23210,3087.8380956484275,2142.565,2878.1325,2114.774125,2175.3632500000003
cont10,4,"(0.439, 0.461]",13807,3033.9254313029624,2036.88,2824.62,1999.6775,2087.07275
cont10,5,"(0.461, 0.511]",21072,3122.1572854973424,2095.37,2802.2300000000005,2061.57,2123.357
cont10,6,"(0.511, 0.583]",17462,3117.1146689955326,2063.55,2698.98,2026.72425,2091.65725
cont10,7,"(0.583, 0.699]",18218,3236.681083543748,2147.3,2705.9525,2115.9825,2173.377875
cont10,8,"(0.699, 0.799]",18903,2809.10450351796,1989.57,2314.12,1965.52,2021.6605000000002
cont10,9,"(0.799, 0.995]",18314,3192.3070454297263,2211.4300000000003,2513.6799999999994,2185.948625,2240.8212500000004
cont11,0,"(0.0343, 0.231]",19165,2727.8454975215236,2038.08,2484.52,2008.3375,2063.5247499999996
cont11,1,"(0.231, 0.291]",20938,2817.7770756519244,2088.995,2565.895,2064.799625,2115.897375
cont11,2,"(0.291, 0.342]",22132,2935.7897334176764,2096.09,2708.3575,2070.26825,2128.713
cont11,3,"(0.342, 0.392]",13189,2834.684835848055,1982.67,2441.46,1951.40275,2015.97575
cont11,4,"(0.392, 0.457]",19105,2718.860548547501,1978.09,2363.3599999999997,1949.42575,2008.3355
cont11,5,"(0.457, 0.551]",19545,2960.2128129956513,2132.02,2643.13,2101.64,2160.3065
cont11,6,"(0.551, 0.626]",17784,3112.965448717949,2145.48,2741.1849999999995,2108.836125,2175.495125
cont11,7,"(0.626, 0.709]",18922,3259.2524215199237,2146.945,2897.18,2117.0425,2184.3464999999997
cont11,8,"(0.709, 0.798]",21623,3233.1943296489844,2211.2,2792.51,2181.53175,2238.062
cont11,9,"(0.798, 0.999]",15915,3870.620369462771,2368.45,3146.3250000000003,2329.41925,2409.0155
cont12,0,"(0.0352, 0.236]",19221,2697.27889755996,2027.51,2456.2200000000003,1993.42225,2053.947
cont12,1,"(0.236, 0.292]",19031,2858.3794976617096,2134.85,2594.435,2094.95375,2168.78125
cont12,2,"(0.292, 0.335]",18383,2891.306595767829,2060.02,2681.6899999999996,2033.007,2090.8117500000003
cont12,3,"(0.335, 0.388]",19273,2916.2171068333937,2028.18,2575.7799999999997,1998.83,2055.8905
cont12,4,"(0.388, 0.462]",18784,2769.3638729770014,1988.745,2409.4624999999996,1960.0932500000001,2023.3495
cont12,5,"(0.462, 0.557]",21558,2999.4215409592725,2119.97,2640.6324999999997,2094.0352500000004,2153.525125
cont12,6,"(0.557, 0.631]",18066,2968.964302003764,2103.12,2623.32,2068.2848750000003,2132.732625
cont12,7,"(0.631, 0.699]",16645,3253.9160654851303,2142.99,2871.75,2109.7672500000003,2178.3655
cont12,8,"(0.699, 0.786]",19513,3252.180088146364,2225.34,2840.2400000000002,2193.71575,2266.0045
cont12,9,"(0.786, 0.998]",17844,3835.922792535306,2370.225,3119.16,2329.9395,2406.7326250000006
cont13,0,"(-0.000772, 0.277]",21045,2985.080702304585,2038.66,2400.19,2011.6475,2066.69
cont13,1,"(0.277, 0.304]",19893,3043.4716875282766,2130.26,2629.5,2095.94625,2171.07775
cont13,2,"(0.304, 0.322]",15706,2983.2476142875335,2133.0950000000003,2739.6675,2106.486125,2167.8016249999996
cont13,3,"(0.322, 0.339]",20127,3140.3529810702044,2215.23,2981.8050000000003,2176.6855,2242.91
cont13,4,"(0.339, 0.364]",18205,3146.468321340291,2135.85,3000.37,2106.0082500000003,2186.9007500000002
cont13,5,"(0.364, 0.599]",18415,3015.0472880803695,2126.69,2748.0099999999998,2096.29675,2158.57125
cont13,6,"(0.599, 0.661]",18948,3020.336909436352,2037.0949999999998,2641.56,2002.6346250000001,2075.45475
cont13,7,"(0.661, 0.718]",18488,2840.8041843357855,2009.22,2374.925,1976.53875,2043.0255
cont13,8,"(0.718, 0.811]",19424,3016.1738637767708,2151.19,2542.8875000000003,2119.63925,2179.08275
cont13,9,"(0.811, 0.988]",18067,3178.1666519067917,2210.25,2578.55,2183.9604999999997,2239.04725
cont14,0,"(0.179, 0.233]",18842,3372.381257828256,2476.7,2943.925,2432.9267499999996,2511.9759999999997
cont14,1,"(0.233, 0.277]",18833,3288.576161524983,2357.87,2943.9799999999996,2316.01525,2393.37075
cont14,2,"(0.277, 0.309]",18822,2764.6716783551165,1870.71,2472.5025,1842.3855,1898.4752500000002
cont14,3,"(0.309, 0.37]",18831,2640.756288035686,1787.74,2308.395,1766.44075,1809.1
cont14,4,"(0.37, 0.407]",18840,2842.2161295116775,1905.875,2465.85,1880.23675,1937.01025
cont14,5,"(0.407, 0.599]",18837,2787.2871890428414,1975.71,2330.18,1949.3135,2001.85
cont14,6,"(0.599, 0.709]",18829,3048.4320510914017,2166.72,2596.62,2134.9782499999997,2199.3625
cont14,7,"(0.709, 0.746]",18831,3336.606374595083,2410.09,2895.105,2371.8669999999997,2439.68
cont14,8,"(0.746, 0.811]",18839,3200.6941700727216,2193.18,2794.765,2155.31975,2226.5812499999997
cont14,9,"(0.811, 0.845]",18814,3091.556496757734,2122.1499999999996,2663.6875,2084.4406249999997,2152.8541250000003
